ID,Name,Email,Password
#00001,Jane Smith,jane.smith@example.com,P@ssword123
#00002,Tatwik,tatwiksai@gmail.com,Qwerty!456
#00003,Michael Johnson,michael.j@example.com,Hello1234!
#00004,Emily Davis,emily.davis@example.com,Zxcvb@789
#00005,David Brown,david.brown@example.com,Passw0rd!
#00006,Sarah Wilson,sarah.wilson@example.com,A1b2C3d4!
#00007,Daniel Lee,daniel.lee@example.com,Secure#789
#00008,Laura Miller,laura.miller@example.com,Test12345@
#00009,Matthew Taylor,matthew.taylor@example.com,F0rgetMeNot!
#00010,Amy Martinez,amy.martinez@example.com,R@ndomPass1
#00011,Christopher Harris,chris.harris@example.com,Password@567
#00012,Jessica Clark,jessica.clark@example.com,Q1w2E3r4!
#00013,Joshua Lewis,joshua.lewis@example.com,NeverGue$$23
#00014,Rebecca Robinson,rebecca.robinson@example.com,Test!2345
#00015,James Walker,james.walker@example.com,Password!2021
#00016,Megan Hall,megan.hall@example.com,12345Abc@
#00017,William Allen,william.allen@example.com,MyPassw0rd!
#00018,Ashley Young,ashley.young@example.com,Secure$Pass12
#00019,Joseph King,joseph.king@example.com,LetMeIn123!
#00020,Olivia Scott,olivia.scott@example.com,Pass1234!
#00021,Tyler Wright,tyler.wright@example.com,Password!567
#00022,Grace Hill,grace.hill@example.com,Xyz@789
#00023,Ethan Adams,ethan.adams@example.com,P@ssw0rd2023
#00024,Ava Nelson,ava.nelson@example.com,R@nd0mP@ss
#00025,Lucas Green,lucas.green@example.com,Testing@321
#00026,Sophia Turner,sophia.turner@example.com,NewPass123!
#00027,Liam Carter,liam.carter@example.com,S3cur3P@ssw0rd
#00028,Emma Perez,emma.perez@example.com,Qwerty!890
#00029,Noah Morgan,noah.morgan@example.com,Secure@Login
#00030,Isabella Foster,isabella.foster@example.com,StrongPass!45
